Index,Entropy
0,2.72183
1,2.75579
2,2.94624
3,2.8028
4,2.75093
5,2.80302
6,2.95089
7,2.75778
8,2.72746
9,2.73688
10,2.91038
11,2.76023
12,2.71416
13,2.76033
14,2.90592
15,2.73095
16,2.73751
17,2.9713
18,3.19326
19,3.10034
20,3.03422
21,3.10487
22,3.1859
23,2.97352
24,2.75268
25,2.91488
26,3.08032
27,2.97199
28,2.89552
29,2.97542
30,3.08342
31,2.91296
32,2.54453
33,2.99458
34,3.21178
35,3.26364
36,3.20466
37,3.25577
38,3.20512
39,2.99067
40,2.61732
41,2.89554
42,3.12565
43,3.23888
44,3.18184
45,3.24035
46,3.14028
47,2.89993
48,2.73666
49,3.04991
50,3.2692
51,3.3081
52,3.22344
53,3.30122
54,3.24347
55,3.0468
56,2.75299
57,2.92898
58,3.23277
59,3.34704
60,3.24107
61,3.34946
62,3.23745
63,2.93823
64,2.42963
65,3.03633
66,3.20272
67,3.22065
68,2.82026
69,3.22765
70,3.17811
71,3.03729
72,2.51127
73,2.89369
74,3.17467
75,3.24522
76,2.89254
77,3.24535
78,3.17821
79,2.8978
80,2.75039
81,3.04949
82,3.25032
83,3.29865
84,3.23006
85,3.28647
86,3.22853
87,3.04183
88,2.74875
89,2.92641
90,3.22843
91,3.34504
92,3.24917
93,3.35006
94,3.23499
95,2.93393
96,2.61298
97,2.99271
98,3.20513
99,3.23645
100,3.17565
101,3.2166
102,3.18434
103,2.97967
104,2.6626
105,2.89824
106,3.126
107,3.22833
108,3.17603
109,3.23236
110,3.13503
111,2.89352
112,2.75019
113,2.9697
114,3.17956
115,3.09459
116,3.03223
117,3.0901
118,3.16914
119,2.9637
120,2.74504
121,2.96669
122,3.07798
123,2.96706
124,2.8935
125,2.97578
126,3.08225
127,2.9464
128,2.79662
129,2.82575
130,3.01146
131,2.85402
132,2.79592
133,2.85804
134,3.01549
135,2.82208
136,2.80407
137,2.82173
138,3.014
139,2.85786
140,2.80397
141,2.86143
142,3.01773
143,2.82311
