Index,Entropy
0,2.51764
1,2.5261
2,2.72589
3,2.56868
4,2.51307
5,2.56844
6,2.72646
7,2.53516
8,2.51837
9,2.52603
10,2.7367
11,2.56994
12,2.5168
13,2.56476
14,2.7387
15,2.53126
16,2.56635
17,2.78226
18,2.97275
19,2.86179
20,2.78538
21,2.85677
22,2.9611
23,2.79192
24,2.56928
25,2.82536
26,3.07375
27,2.97864
28,2.91007
29,2.97759
30,3.06633
31,2.81929
32,2.38723
33,2.77906
34,2.9969
35,3.0727
36,3.03166
37,3.06748
38,2.98403
39,2.76567
40,2.43465
41,2.86193
42,3.11116
43,3.19727
44,3.15458
45,3.19767
46,3.10465
47,2.84799
48,2.56515
49,2.81357
50,3.07242
51,3.26268
52,3.24779
53,3.26081
54,3.06793
55,2.79701
56,2.57361
57,2.92639
58,3.20092
59,3.31962
60,3.28303
61,3.32623
62,3.19557
63,2.91711
64,2.18759
65,2.78616
66,3.0324
67,3.24716
68,2.9668
69,3.23447
70,3.01623
71,2.76009
72,2.23838
73,2.91584
74,3.16223
75,3.28255
76,2.97245
77,3.2848
78,3.1567
79,2.90538
80,2.56842
81,2.80352
82,3.06635
83,3.258
84,3.23182
85,3.25469
86,3.05871
87,2.79355
88,2.56875
89,2.93147
90,3.20267
91,3.32918
92,3.27993
93,3.33724
94,3.19318
95,2.92091
96,2.43463
97,2.77678
98,2.98552
99,3.0596
100,3.01301
101,3.06335
102,2.97324
103,2.79432
104,2.46574
105,2.86424
106,3.11743
107,3.20283
108,3.16096
109,3.20418
110,3.11753
111,2.86707
112,2.57205
113,2.80511
114,2.96708
115,2.84017
116,2.75438
117,2.84089
118,2.98459
119,2.82616
120,2.5669
121,2.83237
122,3.07729
123,2.99145
124,2.91728
125,2.99368
126,3.06734
127,2.82691
128,2.56081
129,2.58442
130,2.7933
131,2.62225
132,2.56273
133,2.61888
134,2.79221
135,2.57925
136,2.56005
137,2.57803
138,2.78488
139,2.61024
140,2.55143
141,2.60512
142,2.77945
143,2.57051
