Index,Entropy
0,2.65071
1,2.67441
2,2.86023
3,2.69746
4,2.64825
5,2.69574
6,2.86321
7,2.67355
8,2.66257
9,2.68357
10,2.87982
11,2.71609
12,2.66664
13,2.71872
14,2.88265
15,2.67971
16,2.69774
17,2.89938
18,3.09527
19,2.9879
20,2.9203
21,2.98537
22,3.08928
23,2.90181
24,2.71253
25,2.93959
26,3.16649
27,3.07543
28,3.00798
29,3.078
30,3.16333
31,2.9315
32,2.50477
33,2.87252
34,3.11599
35,3.19356
36,3.12319
37,3.19106
38,3.11934
39,2.85668
40,2.55023
41,2.96482
42,3.16514
43,3.16344
44,3.13374
45,3.17321
46,3.17406
47,2.95946
48,2.69755
49,2.93397
50,3.18616
51,3.23846
52,3.08015
53,3.25818
54,3.19092
55,2.91335
56,2.71632
57,3.01968
58,3.17027
59,3.31988
60,3.29061
61,3.31654
62,3.17158
63,3.0163
64,2.34772
65,2.92183
66,3.11889
67,3.07631
68,2.66991
69,3.09421
70,3.13125
71,2.91238
72,2.41858
73,3.00586
74,3.13034
75,3.29123
76,3.03625
77,3.28683
78,3.13141
79,3.00653
80,2.71155
81,2.92832
82,3.18618
83,3.26104
84,3.09624
85,3.28085
86,3.182
87,2.90491
88,2.71104
89,3.0164
90,3.16868
91,3.32085
92,3.29187
93,3.32253
94,3.17196
95,3.01988
96,2.55042
97,2.86446
98,3.11907
99,3.19605
100,3.1267
101,3.18952
102,3.11466
103,2.86421
104,2.59025
105,2.95878
106,3.1419
107,3.1585
108,3.13101
109,3.15813
110,3.16466
111,2.96508
112,2.71583
113,2.90355
114,3.08092
115,2.97202
116,2.9117
117,2.96837
118,3.06829
119,2.92462
120,2.70834
121,2.94573
122,3.15204
123,3.07159
124,3.00922
125,3.0707
126,3.15838
127,2.94524
128,2.72807
129,2.74498
130,2.95089
131,2.7833
132,2.72231
133,2.78029
134,2.94466
135,2.74599
136,2.72097
137,2.74285
138,2.94098
139,2.77847
140,2.71072
141,2.77518
142,2.94363
143,2.74533
