Index,Entropy
0,2.72425
1,2.7584
2,2.94715
3,2.80636
4,2.75471
5,2.81309
6,2.95367
7,2.75853
8,2.73246
9,2.73867
10,2.9039
11,2.7624
12,2.70964
13,2.75909
14,2.90266
15,2.72778
16,2.75077
17,2.99326
18,3.20337
19,3.12014
20,3.04516
21,3.11859
22,3.20361
23,3.00251
24,2.76133
25,2.93973
26,3.10014
27,2.99368
28,2.91064
29,2.98889
30,3.10113
31,2.93627
32,2.56661
33,3.015
34,3.23418
35,3.28849
36,3.22994
37,3.27646
38,3.22223
39,3.02131
40,2.64239
41,2.92282
42,3.14403
43,3.24746
44,3.1977
45,3.24902
46,3.15069
47,2.92686
48,2.75258
49,3.07357
50,3.28026
51,3.31669
52,3.21412
53,3.31598
54,3.26383
55,3.07344
56,2.7761
57,2.95092
58,3.23303
59,3.32794
60,3.23561
61,3.3322
62,3.23866
63,2.95414
64,2.44022
65,3.04379
66,3.22523
67,3.2153
68,2.78836
69,3.20619
70,3.19891
71,3.04712
72,2.53208
73,2.91071
74,3.19419
75,3.22411
76,2.87384
77,3.2359
78,3.20004
79,2.91504
80,2.76288
81,3.0765
82,3.26419
83,3.31164
84,3.19948
85,3.30604
86,3.24419
87,3.06983
88,2.77203
89,2.94595
90,3.23054
91,3.32535
92,3.22584
93,3.32858
94,3.23504
95,2.9509
96,2.63756
97,3.01626
98,3.22509
99,3.25686
100,3.1994
101,3.24848
102,3.21049
103,3.01632
104,2.70212
105,2.94193
106,3.13302
107,3.23725
108,3.1923
109,3.24361
110,3.14547
111,2.91763
112,2.77703
113,2.99981
114,3.19903
115,3.11779
116,3.04498
117,3.11561
118,3.19484
119,2.99547
120,2.77114
121,2.9967
122,3.12794
123,2.99391
124,2.91149
125,2.99106
126,3.10393
127,2.98506
128,2.81839
129,2.83927
130,3.031
131,2.87232
132,2.81901
133,2.8809
134,3.03363
135,2.84013
136,2.81913
137,2.84036
138,3.02939
139,2.87412
140,2.82106
141,2.87265
142,3.02423
143,2.83454
