Index,Entropy
0,2.49628
1,2.52725
2,2.71874
3,2.5591
4,2.51049
5,2.56258
6,2.73176
7,2.51597
8,2.50127
9,2.52017
10,2.7236
11,2.55574
12,2.49701
13,2.55873
14,2.71863
15,2.51303
16,2.55031
17,2.79413
18,2.991
19,2.87935
20,2.8039
21,2.86836
22,2.99022
23,2.78971
24,2.56001
25,2.8028
26,3.04205
27,2.96006
28,2.88853
29,2.96223
30,3.03869
31,2.79854
32,2.37645
33,2.78396
34,3.0186
35,3.14624
36,3.08499
37,3.14468
38,3.01332
39,2.78381
40,2.4206
41,2.84524
42,3.07787
43,3.17328
44,3.13809
45,3.17047
46,3.08396
47,2.8363
48,2.55336
49,2.83131
50,3.13805
51,3.27113
52,3.14907
53,3.28117
54,3.12756
55,2.82647
56,2.56288
57,2.92412
58,3.1618
59,3.25911
60,3.22155
61,3.27128
62,3.16839
63,2.90927
64,2.16696
65,2.80271
66,3.08558
67,3.14826
68,2.7818
69,3.18544
70,3.08002
71,2.78952
72,2.22682
73,2.89501
74,3.13056
75,3.22567
76,2.90212
77,3.21948
78,3.13882
79,2.88749
80,2.55902
81,2.82662
82,3.13136
83,3.28115
84,3.18232
85,3.28594
86,3.12576
87,2.82137
88,2.55939
89,2.92415
90,3.15629
91,3.24822
92,3.22464
93,3.26336
94,3.15729
95,2.90835
96,2.41938
97,2.78658
98,3.01628
99,3.14066
100,3.07496
101,3.13857
102,3.01915
103,2.78742
104,2.45899
105,2.85934
106,3.08301
107,3.16304
108,3.13175
109,3.16272
110,3.08847
111,2.84803
112,2.55878
113,2.81351
114,2.98682
115,2.86114
116,2.78723
117,2.86126
118,2.9817
119,2.82425
120,2.5547
121,2.80487
122,3.04661
123,2.96913
124,2.89706
125,2.96646
126,3.0468
127,2.79649
128,2.5559
129,2.57819
130,2.78608
131,2.61841
132,2.564
133,2.62408
134,2.78695
135,2.57374
136,2.55769
137,2.56715
138,2.7646
139,2.59133
140,2.53239
141,2.59705
142,2.77107
143,2.56537
