Index,Entropy
0,2.65911
1,2.67716
2,2.88092
3,2.70342
4,2.64465
5,2.70579
6,2.88098
7,2.67575
8,2.65668
9,2.68365
10,2.8931
11,2.71953
12,2.66067
13,2.72168
14,2.89034
15,2.68186
16,2.6419
17,2.85677
18,3.0832
19,3.01661
20,2.95642
21,3.02174
22,3.0745
23,2.85458
24,2.64308
25,2.87118
26,3.07638
27,2.95491
28,2.89734
29,2.95861
30,3.07652
31,2.86569
32,2.51147
33,2.87495
34,3.11243
35,3.23442
36,3.21057
37,3.25213
38,3.09676
39,2.86762
40,2.56785
41,2.85938
42,3.09569
43,3.17512
44,3.09295
45,3.16824
46,3.09688
47,2.85976
48,2.64242
49,2.95808
50,3.23832
51,3.46734
52,3.41327
53,3.45631
54,3.27245
55,2.94812
56,2.63923
57,2.91448
58,3.1716
59,3.30612
60,3.24927
61,3.31901
62,3.15145
63,2.91136
64,2.33955
65,2.9568
66,3.21216
67,3.41118
68,3.06566
69,3.40094
70,3.21807
71,2.94312
72,2.36341
73,2.8973
74,3.12263
75,3.22787
76,2.93285
77,3.24755
78,3.09296
79,2.89367
80,2.64362
81,2.9571
82,3.25062
83,3.45772
84,3.40453
85,3.4475
86,3.27529
87,2.94806
88,2.63488
89,2.91387
90,3.18255
91,3.30288
92,3.23114
93,3.31206
94,3.15864
95,2.9107
96,2.56925
97,2.8722
98,3.09895
99,3.2556
100,3.21909
101,3.25561
102,3.14716
103,2.87027
104,2.58823
105,2.86239
106,3.10692
107,3.19846
108,3.12446
109,3.19112
110,3.10648
111,2.86194
112,2.63892
113,2.8437
114,3.05983
115,2.99472
116,2.94419
117,2.99216
118,3.05664
119,2.83837
120,2.63549
121,2.90033
122,3.0743
123,2.96139
124,2.8981
125,2.96136
126,3.07915
127,2.88802
128,2.67807
129,2.69394
130,2.8847
131,2.71043
132,2.65399
133,2.71255
134,2.88999
135,2.68764
136,2.67317
137,2.70693
138,2.91661
139,2.74955
140,2.69039
141,2.75028
142,2.92055
143,2.70667
