Index,Entropy
0,2.49508
1,2.52001
2,2.71893
3,2.55278
4,2.50177
5,2.55235
6,2.71725
7,2.51573
8,2.49555
9,2.5142
10,2.72173
11,2.54999
12,2.5001
13,2.54806
14,2.71566
15,2.51289
16,2.54483
17,2.76297
18,2.95868
19,2.85317
20,2.77466
21,2.84535
22,2.95857
23,2.77412
24,2.5447
25,2.80082
26,3.03845
27,2.94557
28,2.87072
29,2.93853
30,3.0397
31,2.78989
32,2.37116
33,2.77708
34,3.00099
35,3.11215
36,3.04553
37,3.10789
38,2.99874
39,2.76438
40,2.42489
41,2.84067
42,3.08679
43,3.17497
44,3.13763
45,3.17244
46,3.08537
47,2.8362
48,2.54492
49,2.80639
50,3.10214
51,3.28564
52,3.2274
53,3.28229
54,3.09362
55,2.79489
56,2.55005
57,2.91414
58,3.17161
59,3.2876
60,3.24819
61,3.30462
62,3.16422
63,2.88919
64,2.15965
65,2.7736
66,3.04541
67,3.22789
68,2.92004
69,3.23111
70,3.03024
71,2.75996
72,2.21095
73,2.88984
74,3.14022
75,3.2309
76,2.87966
77,3.25164
78,3.1383
79,2.87033
80,2.54602
81,2.80741
82,3.1035
83,3.2784
84,3.23044
85,3.27574
86,3.08796
87,2.7928
88,2.55097
89,2.91127
90,3.1682
91,3.27901
92,3.23052
93,3.29461
94,3.16949
95,2.89774
96,2.42345
97,2.77159
98,2.99484
99,3.09306
100,3.0301
101,3.08515
102,2.98383
103,2.78885
104,2.45283
105,2.85309
106,3.09233
107,3.1687
108,3.1412
109,3.16857
110,3.09453
111,2.84772
112,2.54797
113,2.79545
114,2.95337
115,2.82843
116,2.75515
117,2.83117
118,2.9655
119,2.80636
120,2.55194
121,2.8103
122,3.04657
123,2.95438
124,2.89126
125,2.95716
126,3.04656
127,2.80394
128,2.54314
129,2.5614
130,2.77451
131,2.6047
132,2.54584
133,2.60586
134,2.77799
135,2.56582
136,2.5354
137,2.55408
138,2.75718
139,2.5841
140,2.53505
141,2.58938
142,2.76016
143,2.55658
