Index,Entropy
0,2.71189
1,2.72889
2,2.8938
3,2.76844
4,2.71715
5,2.76537
6,2.88961
7,2.72733
8,2.70342
9,2.71758
10,2.86603
11,2.74044
12,2.68388
13,2.74122
14,2.87263
15,2.71623
16,2.7336
17,2.94445
18,3.16217
19,3.05311
20,2.98561
21,3.05253
22,3.15808
23,2.92139
24,2.72496
25,2.96056
26,3.13041
27,3.08366
28,3.06282
29,3.08975
30,3.15067
31,2.98251
32,2.45411
33,2.92632
34,3.06145
35,3.15051
36,3.11024
37,3.13812
38,3.03365
39,2.90828
40,2.46652
41,2.91459
42,3.21832
43,3.28743
44,3.24105
45,3.29797
46,3.24777
47,2.92088
48,2.73097
49,2.96935
50,3.12807
51,3.22164
52,3.09524
53,3.21521
54,3.10615
55,2.9812
56,2.73182
57,3.04273
58,3.30832
59,3.43754
60,3.36358
61,3.45376
62,3.28426
63,3.03584
64,2.42612
65,2.98474
66,3.10726
67,3.09941
68,2.19736
69,3.08714
70,3.1112
71,3.00117
72,2.43318
73,3.10746
74,3.25981
75,3.34814
76,2.26834
77,3.36335
78,3.24208
79,3.06833
80,2.72509
81,2.97162
82,3.12089
83,3.22431
84,3.08904
85,3.21881
86,3.1012
87,2.97247
88,2.73105
89,3.05387
90,3.29965
91,3.42282
92,3.34483
93,3.45313
94,3.27165
95,3.02734
96,2.46815
97,2.90976
98,3.07528
99,3.13944
100,3.10841
101,3.13669
102,3.08251
103,2.89336
104,2.45594
105,2.89915
106,3.25419
107,3.31114
108,3.25775
109,3.31305
110,3.26101
111,2.90673
112,2.72624
113,2.93306
114,3.15094
115,3.06827
116,3.00255
117,3.06429
118,3.13678
119,2.92366
120,2.73003
121,2.91392
122,3.10266
123,3.11042
124,3.11164
125,3.10238
126,3.12633
127,2.94833
128,2.70941
129,2.73602
130,2.89613
131,2.7678
132,2.72264
133,2.77018
134,2.89394
135,2.73343
136,2.70254
137,2.80289
138,3.02173
139,2.89163
140,2.83536
141,2.89241
142,3.02028
143,2.76516
