Index,Entropy
0,2.71672
1,2.74655
2,2.92936
3,2.79025
4,2.74568
5,2.79692
6,2.93791
7,2.74969
8,2.72205
9,2.72861
10,2.88865
11,2.74544
12,2.69536
13,2.74604
14,2.88432
15,2.71985
16,2.75854
17,3.00105
18,3.2107
19,3.13077
20,3.05356
21,3.13162
22,3.21368
23,3.00878
24,2.76964
25,2.956
26,3.11605
27,3.01261
28,2.93631
29,3.00923
30,3.12142
31,2.95748
32,2.56003
33,3.01167
34,3.24081
35,3.31669
36,3.26703
37,3.31303
38,3.23808
39,3.03227
40,2.66161
41,2.93938
42,3.15023
43,3.25497
44,3.20217
45,3.26072
46,3.16312
47,2.93694
48,2.75781
49,3.08085
50,3.31132
51,3.37047
52,3.26035
53,3.36659
54,3.30054
55,3.0967
56,2.79148
57,2.98312
58,3.24317
59,3.32503
60,3.23691
61,3.33223
62,3.25426
63,2.98484
64,2.43064
65,3.05126
66,3.26488
67,3.26027
68,2.80992
69,3.2461
70,3.25426
71,3.05913
72,2.53781
73,2.95945
74,3.17944
75,3.22914
76,2.85867
77,3.23806
78,3.20211
79,2.93854
80,2.77274
81,3.09025
82,3.30163
83,3.36189
84,3.24559
85,3.35183
86,3.28228
87,3.09129
88,2.78946
89,3.02277
90,3.2315
91,3.31787
92,3.22683
93,3.3259
94,3.24784
95,2.98226
96,2.66846
97,3.03565
98,3.24135
99,3.30298
100,3.25025
101,3.29566
102,3.22958
103,3.03508
104,2.72518
105,3.00054
106,3.16201
107,3.23832
108,3.17992
109,3.24368
110,3.16303
111,2.94192
112,2.78867
113,3.01589
114,3.2178
115,3.13357
116,3.06101
117,3.13297
118,3.21217
119,3.01476
120,2.79064
121,3.02749
122,3.19017
123,3.0558
124,2.95939
125,3.03812
126,3.16916
127,3.01701
128,2.81989
129,2.84153
130,3.02788
131,2.87483
132,2.82551
133,2.87587
134,3.03034
135,2.84275
136,2.82472
137,2.84211
138,3.03075
139,2.87466
140,2.82276
141,2.87725
142,3.02991
143,2.83992
