Index,Entropy
0,2.72923
1,2.76214
2,2.95492
3,2.80335
4,2.75035
5,2.80203
6,2.95407
7,2.76193
8,2.73205
9,2.74878
10,2.93233
11,2.78044
12,2.72571
13,2.78014
14,2.93006
15,2.74814
16,2.73636
17,2.97334
18,3.17743
19,3.10498
20,3.03439
21,3.09852
22,3.17539
23,2.97195
24,2.74072
25,2.9177
26,3.08401
27,2.97939
28,2.90233
29,2.97928
30,3.08305
31,2.91518
32,2.54638
33,2.98557
34,3.20427
35,3.23911
36,3.16354
37,3.22406
38,3.19677
39,2.97972
40,2.60835
41,2.89635
42,3.13029
43,3.23717
44,3.17636
45,3.23866
46,3.13224
47,2.89995
48,2.7354
49,3.04779
50,3.24864
51,3.31381
52,3.27591
53,3.31762
54,3.22915
55,3.03543
56,2.74313
57,2.92741
58,3.22707
59,3.35673
60,3.24543
61,3.35579
62,3.23214
63,2.93233
64,2.43347
65,3.03277
66,3.17011
67,3.27317
68,2.97203
69,3.29139
70,3.16426
71,3.02479
72,2.50039
73,2.90231
74,3.17395
75,3.25442
76,2.83936
77,3.24423
78,3.17624
79,2.9007
80,2.73957
81,3.04167
82,3.23645
83,3.32643
84,3.29277
85,3.34867
86,3.21163
87,3.02796
88,2.73496
89,2.92021
90,3.22345
91,3.36695
92,3.2506
93,3.35939
94,3.22685
95,2.92203
96,2.60856
97,2.97789
98,3.19425
99,3.21338
100,3.16084
101,3.20171
102,3.16916
103,2.9691
104,2.64905
105,2.89324
106,3.12827
107,3.22663
108,3.17293
109,3.23578
110,3.13662
111,2.88731
112,2.73776
113,2.95985
114,3.1632
115,3.09337
116,3.02056
117,3.08829
118,3.15098
119,2.95438
120,2.73337
121,2.96643
122,3.08061
123,2.97436
124,2.90123
125,2.97698
126,3.0765
127,2.94408
128,2.79343
129,2.81518
130,3.00261
131,2.84312
132,2.78158
133,2.84419
134,2.99721
135,2.81142
136,2.78463
137,2.81771
138,3.00978
139,2.85473
140,2.7947
141,2.85042
142,3.00819
143,2.81232
