Index,Entropy
0,2.63712
1,2.66428
2,2.8614
3,2.68272
4,2.62156
5,2.68771
6,2.86526
7,2.65879
8,2.64316
9,2.66467
10,2.87274
11,2.70345
12,2.64733
13,2.70199
14,2.87709
15,2.66909
16,2.63595
17,2.85916
18,3.09696
19,3.02625
20,2.96103
21,3.02852
22,3.08884
23,2.84995
24,2.63408
25,2.85496
26,3.07592
27,2.95349
28,2.89463
29,2.95092
30,3.07459
31,2.86239
32,2.50203
33,2.89207
34,3.13117
35,3.2307
36,3.20468
37,3.24349
38,3.12314
39,2.8791
40,2.55498
41,2.86366
42,3.11641
43,3.19648
44,3.1001
45,3.18622
46,3.10439
47,2.86319
48,2.63145
49,2.97607
50,3.22922
51,3.46948
52,3.42127
53,3.46365
54,3.2676
55,2.96737
56,2.62933
57,2.90684
58,3.20277
59,3.25922
60,3.18636
61,3.28258
62,3.18015
63,2.90559
64,2.32651
65,2.96104
66,3.2048
67,3.42024
68,3.09743
69,3.4131
70,3.22134
71,2.95731
72,2.33948
73,2.89065
74,3.13712
75,3.17655
76,2.87183
77,3.18735
78,3.09911
79,2.8951
80,2.63255
81,2.9659
82,3.25525
83,3.46883
84,3.41995
85,3.46404
86,3.28107
87,2.96064
88,2.61956
89,2.90277
90,3.21074
91,3.25366
92,3.17749
93,3.2624
94,3.19364
95,2.9043
96,2.55611
97,2.88407
98,3.12538
99,3.25421
100,3.22239
101,3.26423
102,3.13614
103,2.87896
104,2.57481
105,2.85977
106,3.11922
107,3.21699
108,3.13567
109,3.20964
110,3.11731
111,2.85662
112,2.62777
113,2.84603
114,3.06484
115,3.00398
116,2.95703
117,3.00592
118,3.06512
119,2.83328
120,2.62173
121,2.89183
122,3.07209
123,2.95556
124,2.89079
125,2.9558
126,3.07183
127,2.87306
128,2.65601
129,2.67325
130,2.86821
131,2.69249
132,2.62833
133,2.68818
134,2.86889
135,2.67256
136,2.65779
137,2.69196
138,2.90209
139,2.73242
140,2.68445
141,2.73496
142,2.90504
143,2.69272
