Index,Entropy
0,2.70084
1,2.71725
2,2.88343
3,2.75211
4,2.70467
5,2.75478
6,2.87763
7,2.71666
8,2.70441
9,2.70992
10,2.86197
11,2.73095
12,2.68195
13,2.72952
14,2.8661
15,2.70784
16,2.7364
17,2.95322
18,3.16981
19,3.05208
20,2.99294
21,3.04789
22,3.17178
23,2.94637
24,2.73179
25,2.97413
26,3.13904
27,3.08133
28,3.02984
29,3.08909
30,3.15596
31,2.99381
32,2.48865
33,2.93557
34,3.09703
35,3.14324
36,3.10595
37,3.15108
38,3.09384
39,2.92626
40,2.50017
41,2.94959
42,3.20609
43,3.29106
44,3.2291
45,3.29926
46,3.21877
47,2.95357
48,2.73758
49,3.00916
50,3.12607
51,3.23535
52,3.08842
53,3.2302
54,3.14632
55,3.0064
56,2.74405
57,3.0191
58,3.28929
59,3.45659
60,3.39086
61,3.46865
62,3.28872
63,3.03699
64,2.42255
65,2.99469
66,3.10375
67,3.08883
68,2.38463
69,3.0865
70,3.10566
71,2.99203
72,2.46429
73,3.04313
74,3.2466
75,3.36273
76,2.61393
77,3.38641
78,3.23075
79,3.02975
80,2.73437
81,3.00998
82,3.13174
83,3.23614
84,3.08857
85,3.23159
86,3.15387
87,3.00777
88,2.75452
89,3.00682
90,3.27542
91,3.4482
92,3.36358
93,3.45937
94,3.28252
95,3.02354
96,2.49948
97,2.92796
98,3.11979
99,3.17086
100,3.10238
101,3.17692
102,3.12503
103,2.91739
104,2.52841
105,2.92612
106,3.24473
107,3.28412
108,3.24961
109,3.29087
110,3.24888
111,2.93624
112,2.74796
113,2.94786
114,3.16398
115,3.0599
116,2.99377
117,3.05704
118,3.15291
119,2.93619
120,2.74885
121,2.93378
122,3.10544
123,3.05436
124,3.04312
125,3.06758
126,3.11998
127,2.96576
128,2.74201
129,2.74529
130,2.90224
131,2.77119
132,2.72497
133,2.76747
134,2.89947
135,2.73922
136,2.74591
137,2.77208
138,2.97716
139,2.84813
140,2.8031
141,2.8506
142,2.96681
143,2.77096
