Index,Entropy
0,2.48798
1,2.50661
2,2.69485
3,2.53711
4,2.49025
5,2.53578
6,2.70288
7,2.50584
8,2.49127
9,2.50416
10,2.70526
11,2.54418
12,2.49368
13,2.53899
14,2.7059
15,2.50313
16,2.55478
17,2.77227
18,2.95356
19,2.84578
20,2.76547
21,2.84651
22,2.95323
23,2.78011
24,2.55408
25,2.82413
26,3.09021
27,2.99433
28,2.92902
29,2.99027
30,3.0861
31,2.82638
32,2.36056
33,2.76928
34,2.98482
35,3.05141
36,3.0135
37,3.05732
38,2.98152
39,2.7701
40,2.41763
41,2.87338
42,3.11591
43,3.20499
44,3.15312
45,3.20457
46,3.13592
47,2.85858
48,2.55001
49,2.80147
50,3.05322
51,3.19884
52,3.17233
53,3.19787
54,3.04741
55,2.79134
56,2.55598
57,2.94121
58,3.19409
59,3.31394
60,3.25763
61,3.30492
62,3.19614
63,2.93389
64,2.16663
65,2.76955
66,3.01303
67,3.17323
68,2.87582
69,3.16612
70,3.00077
71,2.76271
72,2.22426
73,2.93064
74,3.15599
75,3.27156
76,2.94563
77,3.25927
78,3.15164
79,2.92771
80,2.55628
81,2.79611
82,3.04971
83,3.20757
84,3.16541
85,3.2027
86,3.0484
87,2.7946
88,2.55516
89,2.93993
90,3.19063
91,3.32319
92,3.26634
93,3.31571
94,3.18473
95,2.93593
96,2.4182
97,2.76408
98,2.98401
99,3.0541
100,2.99884
101,3.05668
102,2.98177
103,2.7976
104,2.46748
105,2.87616
106,3.1257
107,3.20906
108,3.15606
109,3.20453
110,3.12995
111,2.87267
112,2.55745
113,2.81226
114,2.96267
115,2.83895
116,2.75986
117,2.84371
118,2.99284
119,2.81887
120,2.55359
121,2.84087
122,3.0908
123,2.99442
124,2.92835
125,2.99529
126,3.08968
127,2.83329
128,2.54233
129,2.56627
130,2.76385
131,2.60151
132,2.54379
133,2.59915
134,2.77688
135,2.56599
136,2.54819
137,2.56185
138,2.75673
139,2.59238
140,2.53401
141,2.59307
142,2.75967
143,2.5644
