Index,Entropy
0,2.49007
1,2.49948
2,2.68795
3,2.53337
4,2.48374
5,2.53224
6,2.68704
7,2.50271
8,2.48994
9,2.50812
10,2.70568
11,2.55142
12,2.4979
13,2.5453
14,2.70111
15,2.50699
16,2.56335
17,2.77152
18,2.94149
19,2.82874
20,2.7472
21,2.82908
22,2.93843
23,2.77904
24,2.57186
25,2.84783
26,3.09703
27,2.9926
28,2.92911
29,2.98762
30,3.08861
31,2.83751
32,2.33871
33,2.76007
34,2.9766
35,3.06849
36,3.02247
37,3.06642
38,2.97497
39,2.76651
40,2.41143
41,2.8727
42,3.12773
43,3.21125
44,3.16819
45,3.20965
46,3.13787
47,2.8568
48,2.56267
49,2.79294
50,3.06898
51,3.17001
52,3.12098
53,3.1732
54,3.06871
55,2.79615
56,2.57831
57,2.94823
58,3.21277
59,3.27978
60,3.17217
61,3.26739
62,3.20737
63,2.93142
64,2.16772
65,2.74623
66,3.02428
67,3.12057
68,2.7923
69,3.10985
70,3.02698
71,2.74934
72,2.24606
73,2.93033
74,3.16303
75,3.20954
76,2.75309
77,3.17508
78,3.16695
79,2.92852
80,2.57188
81,2.79354
82,3.06909
83,3.16643
84,3.10534
85,3.17586
86,3.07717
87,2.81245
88,2.5777
89,2.94975
90,3.19853
91,3.293
92,3.20962
93,3.2847
94,3.20877
95,2.94211
96,2.41347
97,2.75461
98,2.98056
99,3.06194
100,3.02589
101,3.06962
102,3.00383
103,2.81382
104,2.4771
105,2.87957
106,3.13076
107,3.21023
108,3.1605
109,3.20646
110,3.1338
111,2.87257
112,2.57714
113,2.81266
114,2.95472
115,2.82462
116,2.74536
117,2.8375
118,2.97938
119,2.8273
120,2.57825
121,2.85856
122,3.09812
123,3.00217
124,2.93588
125,3.00144
126,3.09857
127,2.85307
128,2.55775
129,2.56982
130,2.7729
131,2.60952
132,2.56029
133,2.61025
134,2.77802
135,2.57573
136,2.55908
137,2.57379
138,2.77325
139,2.60339
140,2.55287
141,2.60591
142,2.77539
143,2.5714
