Index,Entropy
0,2.71395
1,2.7366
2,2.89018
3,2.76741
4,2.72079
5,2.76949
6,2.89092
7,2.73711
8,2.7181
9,2.72965
10,2.89667
11,2.77158
12,2.72272
13,2.77112
14,2.89508
15,2.72489
16,2.76119
17,2.96448
18,3.18978
19,3.07873
20,3.01382
21,3.08056
22,3.18378
23,2.95634
24,2.76294
25,3.02046
26,3.15607
27,3.09142
28,3.03809
29,3.09677
30,3.18267
31,3.03261
32,2.50792
33,2.95194
34,3.15095
35,3.22308
36,3.13955
37,3.23207
38,3.15723
39,2.93602
40,2.52967
41,2.96715
42,3.19821
43,3.30703
44,3.26216
45,3.30817
46,3.1965
47,2.97434
48,2.76052
49,3.02605
50,3.20242
51,3.25438
52,3.08909
53,3.25186
54,3.22383
55,3.02476
56,2.78591
57,3.02876
58,3.30928
59,3.46597
60,3.41599
61,3.47812
62,3.30986
63,3.04935
64,2.43455
65,3.01863
66,3.13624
67,3.08805
68,2.4768
69,3.08919
70,3.17138
71,3.01842
72,2.50806
73,3.02338
74,3.25835
75,3.39697
76,2.87577
77,3.41717
78,3.26063
79,3.04067
80,2.76182
81,3.02498
82,3.21794
83,3.25307
84,3.08909
85,3.24975
86,3.22423
87,3.0211
88,2.78871
89,3.01465
90,3.30938
91,3.46922
92,3.40441
93,3.47308
94,3.29852
95,3.03754
96,2.5327
97,2.93653
98,3.17202
99,3.24395
100,3.17031
101,3.24332
102,3.17214
103,2.92136
104,2.58994
105,2.94707
106,3.22774
107,3.31097
108,3.25853
109,3.3124
110,3.221
111,2.95718
112,2.78571
113,2.95791
114,3.16751
115,3.07031
116,3.01633
117,3.06989
118,3.16309
119,2.95171
120,2.79084
121,2.98257
122,3.12219
123,3.06868
124,3.02359
125,3.07749
126,3.13551
127,3.00815
128,2.78692
129,2.79552
130,2.95553
131,2.82147
132,2.77258
133,2.81884
134,2.95981
135,2.79714
136,2.79293
137,2.81807
138,2.99677
139,2.86425
140,2.82424
141,2.86673
142,2.9941
143,2.81408
