Index,Entropy
0,2.74541
1,2.77183
2,2.96996
3,2.80001
4,2.74036
5,2.80171
6,2.96884
7,2.77763
8,2.74595
9,2.77033
10,2.96593
11,2.7949
12,2.73945
13,2.79244
14,2.96745
15,2.76996
16,2.72695
17,2.86414
18,3.0795
19,3.03218
20,3.0297
21,3.04546
22,3.07928
23,2.85142
24,2.72385
25,2.91967
26,3.13067
27,3.01796
28,2.97482
29,3.01855
30,3.13765
31,2.92191
32,2.54473
33,2.86285
34,3.22931
35,3.27834
36,3.18851
37,3.28143
38,3.21938
39,2.86162
40,2.61147
41,2.89121
42,3.13405
43,3.1965
44,3.13139
45,3.19666
46,3.11898
47,2.8886
48,2.72556
49,2.98108
50,3.30205
51,3.50597
52,3.42815
53,3.51382
54,3.29332
55,3.02748
56,2.7137
57,2.96369
58,3.18333
59,3.28087
60,3.08939
61,3.27205
62,3.17858
63,2.96002
64,2.44208
65,3.03336
66,3.18762
67,3.42679
68,2.92247
69,3.43041
70,3.20272
71,3.07207
72,2.47467
73,2.96277
74,3.13572
75,3.1039
76,2.56825
77,3.08823
78,3.12846
79,2.97437
80,2.72093
81,2.98682
82,3.29236
83,3.50532
84,3.42835
85,3.50361
86,3.28486
87,3.05451
88,2.7093
89,2.96263
90,3.18494
91,3.27978
92,3.10288
93,3.27849
94,3.18521
95,2.96196
96,2.61124
97,2.8567
98,3.22305
99,3.26609
100,3.20372
101,3.26526
102,3.20692
103,2.8562
104,2.63272
105,2.88131
106,3.14934
107,3.19844
108,3.13348
109,3.19949
110,3.13989
111,2.88571
112,2.7132
113,2.83859
114,3.06784
115,3.10229
116,3.0711
117,3.11144
118,3.06699
119,2.83724
120,2.70612
121,2.92447
122,3.1319
123,3.02243
124,2.96152
125,3.02101
126,3.13803
127,2.92329
128,2.77244
129,2.78574
130,2.97543
131,2.80688
132,2.74586
133,2.80144
134,2.97579
135,2.78608
136,2.77343
137,2.80662
138,3.01278
139,2.8444
140,2.78799
141,2.84402
142,3.00659
143,2.8058
