Index,Entropy
0,2.73422
1,2.766
2,2.96067
3,2.81174
4,2.74865
5,2.8066
6,2.96121
7,2.76514
8,2.74115
9,2.75447
10,2.94531
11,2.78907
12,2.73569
13,2.78762
14,2.94161
15,2.76141
16,2.73093
17,2.9709
18,3.18692
19,3.10441
20,3.03405
21,3.09872
22,3.17831
23,2.96873
24,2.74038
25,2.91203
26,3.07911
27,2.97113
28,2.90162
29,2.97504
30,3.08254
31,2.91022
32,2.54188
33,2.97657
34,3.19213
35,3.21862
36,3.16352
37,3.20735
38,3.17951
39,2.97043
40,2.59594
41,2.89413
42,3.1243
43,3.2311
44,3.16591
45,3.22991
46,3.12339
47,2.88805
48,2.73008
49,3.03757
50,3.22267
51,3.36483
52,3.33571
53,3.39055
54,3.20582
55,3.0151
56,2.73308
57,2.91455
58,3.23821
59,3.34386
60,3.20985
61,3.34153
62,3.23078
63,2.92074
64,2.44112
65,3.03142
66,3.16301
67,3.3323
68,3.10508
69,3.35349
70,3.17966
71,3.01701
72,2.48513
73,2.89867
74,3.17278
75,3.23605
76,2.8442
77,3.21248
78,3.1678
79,2.90194
80,2.74054
81,3.03151
82,3.20967
83,3.38398
84,3.35069
85,3.40795
86,3.19675
87,3.01123
88,2.72146
89,2.90823
90,3.23071
91,3.3636
92,3.23414
93,3.34541
94,3.22844
95,2.91627
96,2.59386
97,2.9646
98,3.18215
99,3.19683
100,3.17295
101,3.19262
102,3.15711
103,2.96147
104,2.63388
105,2.88148
106,3.11671
107,3.22109
108,3.17012
109,3.229
110,3.12328
111,2.87944
112,2.72914
113,2.95807
114,3.15958
115,3.08755
116,3.01421
117,3.08408
118,3.14601
119,2.94687
120,2.72202
121,2.96018
122,3.07732
123,2.96518
124,2.89778
125,2.96359
126,3.07278
127,2.94127
128,2.78291
129,2.81109
130,2.99608
131,2.82988
132,2.77556
133,2.83421
134,3.00008
135,2.80366
136,2.78307
137,2.8131
138,3.01356
139,2.8482
140,2.79191
141,2.84717
142,3.00886
143,2.81279
