Index,Entropy
0,2.71863
1,2.74258
2,2.93818
3,2.7665
4,2.70815
5,2.76578
6,2.94606
7,2.74316
8,2.72037
9,2.74301
10,2.94404
11,2.77822
12,2.72219
13,2.77371
14,2.94165
15,2.74583
16,2.69726
17,2.8666
18,3.08705
19,3.00885
20,2.95127
21,3.01554
22,3.08653
23,2.85461
24,2.68987
25,2.91196
26,3.12721
27,3.00484
28,2.94185
29,3.00632
30,3.12891
31,2.91382
32,2.5222
33,2.83493
34,3.20407
35,3.26862
36,3.16631
37,3.26637
38,3.19167
39,2.8282
40,2.57091
41,2.87164
42,3.1394
43,3.19069
44,3.12091
45,3.1847
46,3.13566
47,2.87098
48,2.69635
49,2.96064
50,3.28294
51,3.39312
52,3.38655
53,3.40812
54,3.27693
55,2.96466
56,2.68529
57,2.94899
58,3.16943
59,3.29872
60,3.15097
61,3.29492
62,3.1725
63,2.95036
64,2.416
65,2.95468
66,3.17279
67,3.38612
68,3.05781
69,3.39255
70,3.13618
71,3.00665
72,2.44074
73,2.94608
74,3.12569
75,3.15706
76,2.63388
77,3.15139
78,3.12149
79,2.93953
80,2.69171
81,2.96338
82,3.28234
83,3.41969
84,3.388
85,3.44034
86,3.26467
87,2.97699
88,2.68291
89,2.94797
90,3.17613
91,3.30719
92,3.15727
93,3.30417
94,3.17547
95,2.95263
96,2.57232
97,2.83577
98,3.2015
99,3.2477
100,3.1414
101,3.24755
102,3.18951
103,2.82983
104,2.60349
105,2.86767
106,3.12602
107,3.18757
108,3.12613
109,3.19196
110,3.1475
111,2.8661
112,2.6855
113,2.84405
114,3.0621
115,3.03172
116,3.00495
117,3.04719
118,3.05918
119,2.83362
120,2.67912
121,2.91278
122,3.12471
123,3.00825
124,2.94822
125,2.99968
126,3.12601
127,2.91067
128,2.73209
129,2.75064
130,2.94147
131,2.77067
132,2.71083
133,2.76828
134,2.94217
135,2.75384
136,2.74555
137,2.76562
138,2.98046
139,2.81528
140,2.751
141,2.81149
142,2.98029
143,2.76928
