Index,Entropy
0,2.62531
1,2.64893
2,2.84103
3,2.70663
4,2.65978
5,2.70608
6,2.8425
7,2.66604
8,2.63075
9,2.63206
10,2.78777
11,2.65255
12,2.60633
13,2.6478
14,2.78087
15,2.62326
16,2.70334
17,2.93888
18,3.15386
19,3.08562
20,3.00347
21,3.09043
22,3.17173
23,2.9531
24,2.7281
25,2.93637
26,3.1022
27,2.99449
28,2.91949
29,2.9917
30,3.1076
31,2.92239
32,2.48201
33,2.95799
34,3.20315
35,3.29694
36,3.25283
37,3.29813
38,3.21395
39,2.98283
40,2.60642
41,2.93509
42,3.15432
43,3.25125
44,3.17169
45,3.25093
46,3.15326
47,2.91451
48,2.70001
49,3.02803
50,3.29634
51,3.39117
52,3.28431
53,3.38314
54,3.29957
55,3.06045
56,2.75148
57,3.01064
58,3.23556
59,3.2993
60,3.21783
61,3.30943
62,3.2418
63,2.9649
64,2.33167
65,2.99961
66,3.24878
67,3.28214
68,2.81276
69,3.26046
70,3.2554
71,3.02647
72,2.46131
73,2.99235
74,3.16824
75,3.20085
76,2.78173
77,3.2204
78,3.17463
79,2.92173
80,2.72491
81,3.04603
82,3.2879
83,3.37179
84,3.26047
85,3.37125
86,3.28645
87,3.06111
88,2.74279
89,3.03496
90,3.2355
91,3.29697
92,3.20581
93,3.30281
94,3.23844
95,2.96896
96,2.60725
97,2.97968
98,3.21347
99,3.29599
100,3.25185
101,3.29226
102,3.20826
103,2.99931
104,2.67656
105,2.99645
106,3.18631
107,3.24234
108,3.17231
109,3.23773
110,3.17216
111,2.94172
112,2.74676
113,2.97615
114,3.18383
115,3.10449
116,3.02194
117,3.10565
118,3.18059
119,2.9702
120,2.74531
121,3.00169
122,3.18971
123,3.06887
124,2.99182
125,3.06154
126,3.17674
127,2.99004
128,2.75711
129,2.77344
130,2.96878
131,2.81114
132,2.75566
133,2.81095
134,2.96248
135,2.77899
136,2.75215
137,2.77644
138,2.9602
139,2.81353
140,2.75551
141,2.80113
142,2.95524
143,2.77311
