Index,Entropy
0,2.76029
1,2.79077
2,2.9946
3,2.8217
4,2.75911
5,2.82202
6,2.99081
7,2.78874
8,2.76205
9,2.77948
10,2.96545
11,2.80159
12,2.74599
13,2.80132
14,2.97493
15,2.77813
16,2.73426
17,2.87147
18,3.08374
19,3.0724
20,3.0656
21,3.08485
22,3.08609
23,2.85895
24,2.72795
25,2.92834
26,3.1325
27,3.02742
28,2.9895
29,3.03394
30,3.13507
31,2.93152
32,2.55763
33,2.86008
34,3.23645
35,3.27803
36,3.22789
37,3.27819
38,3.22619
39,2.86288
40,2.63101
41,2.89674
42,3.11966
43,3.20829
44,3.1431
45,3.20064
46,3.10427
47,2.89535
48,2.73541
49,2.99911
50,3.30458
51,3.5333
52,3.4325
53,3.52596
54,3.29607
55,3.06603
56,2.72576
57,2.96447
58,3.1938
59,3.26542
60,3.05399
61,3.24853
62,3.18677
63,2.97591
64,2.46138
65,3.06916
66,3.22763
67,3.43184
68,2.88398
69,3.41593
70,3.2674
71,3.10572
72,2.48787
73,2.96281
74,3.14456
75,3.06105
76,2.60924
77,3.0506
78,3.14008
79,2.99067
80,2.72881
81,3.02774
82,3.2973
83,3.51911
84,3.41702
85,3.51395
86,3.28638
87,3.08307
88,2.71209
89,2.97145
90,3.19706
91,3.27483
92,3.06032
93,3.25915
94,3.19293
95,2.96477
96,2.63141
97,2.85644
98,3.22692
99,3.26153
100,3.26968
101,3.26084
102,3.22078
103,2.86318
104,2.65281
105,2.88913
106,3.14836
107,3.20681
108,3.14278
109,3.20702
110,3.13668
111,2.8948
112,2.72471
113,2.84729
114,3.07913
115,3.1312
116,3.10304
117,3.1405
118,3.07334
119,2.84992
120,2.71199
121,2.93131
122,3.13409
123,3.02622
124,2.96416
125,3.02371
126,3.12995
127,2.93095
128,2.78192
129,2.80341
130,2.99049
131,2.82298
132,2.76294
133,2.81519
134,2.98995
135,2.80123
136,2.78773
137,2.81732
138,3.02229
139,2.8557
140,2.80068
141,2.85404
142,3.02307
143,2.81292
