Index,Entropy
0,2.69434
1,2.71063
2,2.87866
3,2.75205
4,2.70474
5,2.7443
6,2.87733
7,2.71079
8,2.69581
9,2.73183
10,2.91682
11,2.77745
12,2.73238
13,2.77618
14,2.91072
15,2.72377
16,2.7615
17,2.95724
18,3.16789
19,3.06922
20,2.99772
21,3.06491
22,3.16612
23,2.95195
24,2.76835
25,3.01101
26,3.16298
27,3.09139
28,3.03571
29,3.09002
30,3.18349
31,3.00694
32,2.51002
33,2.9485
34,3.1709
35,3.24381
36,3.17625
37,3.24237
38,3.17335
39,2.92946
40,2.56846
41,2.97682
42,3.13019
43,3.27225
44,3.2302
45,3.26946
46,3.128
47,2.99364
48,2.75913
49,3.01505
50,3.22572
51,3.22992
52,3.07669
53,3.23448
54,3.2405
55,3.00912
56,2.78798
57,3.03142
58,3.28697
59,3.42148
60,3.36092
61,3.42347
62,3.27999
63,3.04428
64,2.41136
65,3.00202
66,3.1772
67,3.07598
68,2.58036
69,3.07548
70,3.18456
71,2.98866
72,2.5135
73,3.02082
74,3.23485
75,3.3756
76,3.00925
77,3.35805
78,3.23258
79,3.03309
80,2.77572
81,3.01516
82,3.22807
83,3.23642
84,3.07586
85,3.24643
86,3.24033
87,3.00023
88,2.79536
89,3.02629
90,3.2924
91,3.43648
92,3.37637
93,3.42838
94,3.28238
95,3.04481
96,2.5684
97,2.93167
98,3.17835
99,3.25251
100,3.18591
101,3.25524
102,3.1815
103,2.9216
104,2.62641
105,2.95933
106,3.17247
107,3.28278
108,3.22954
109,3.28285
110,3.16218
111,2.97104
112,2.78845
113,2.95031
114,3.14655
115,3.06394
116,2.99146
117,3.06157
118,3.14747
119,2.94669
120,2.7968
121,2.97959
122,3.13053
123,3.07336
124,3.02011
125,3.07217
126,3.14697
127,3.00125
128,2.79474
129,2.81087
130,2.98572
131,2.83917
132,2.78929
133,2.83959
134,2.98467
135,2.8078
136,2.7901
137,2.81725
138,2.99814
139,2.84795
140,2.80108
141,2.85478
142,2.99478
143,2.8147
