Index,Entropy
0,2.68773
1,2.69709
2,2.86997
3,2.72532
4,2.67675
5,2.72822
6,2.86949
7,2.69905
8,2.69593
9,2.72452
10,2.90778
11,2.76761
12,2.71322
13,2.76185
14,2.90042
15,2.71956
16,2.73234
17,2.93137
18,3.14738
19,3.04288
20,2.97951
21,3.03739
22,3.1369
23,2.91897
24,2.74584
25,2.97461
26,3.16277
27,3.08074
28,3.02275
29,3.08577
30,3.17129
31,2.96621
32,2.50616
33,2.92586
34,3.15526
35,3.23379
36,3.18133
37,3.23874
38,3.15533
39,2.90775
40,2.57349
41,2.97351
42,3.11128
43,3.21444
44,3.17843
45,3.20874
46,3.12567
47,2.97545
48,2.73092
49,2.98837
50,3.21834
51,3.24094
52,3.06736
53,3.26277
54,3.2222
55,2.98023
56,2.75651
57,3.02276
58,3.2299
59,3.40089
60,3.31956
61,3.39956
62,3.21497
63,3.03664
64,2.40396
65,2.97914
66,3.17935
67,3.06727
68,2.66792
69,3.07843
70,3.18089
71,2.96693
72,2.48445
73,3.0142
74,3.18304
75,3.32117
76,3.05419
77,3.32383
78,3.17586
79,3.02022
80,2.74499
81,2.97906
82,3.21805
83,3.26496
84,3.0771
85,3.28415
86,3.22683
87,2.96615
88,2.75906
89,3.02052
90,3.23475
91,3.40381
92,3.32438
93,3.40204
94,3.21423
95,3.03051
96,2.57465
97,2.9048
98,3.15884
99,3.23806
100,3.18303
101,3.24278
102,3.15813
103,2.89065
104,2.6205
105,2.96095
106,3.10877
107,3.22204
108,3.18597
109,3.22108
110,3.12773
111,2.96835
112,2.75059
113,2.92358
114,3.11947
115,3.024
116,2.96674
117,3.021
118,3.11403
119,2.93433
120,2.75871
121,2.97298
122,3.13861
123,3.06566
124,3.01254
125,3.07274
126,3.15383
127,2.97793
128,2.77455
129,2.79866
130,2.97468
131,2.82515
132,2.77249
133,2.82256
134,2.978
135,2.79449
136,2.78022
137,2.79649
138,2.98346
139,2.82751
140,2.77363
141,2.82814
142,2.97258
143,2.79562
